"","userId"
"1","663653e5923836444d951e43"
"2","6553c8f857e8574864db9a92"
"3","6682ad18ead583317906ac3e"
"4","637f7e8a1ba8e6e1cc969beb"
"5","6074479556c1c073648e5c53"
"6","6615283f82799fd70e2c056b"
"7","5bbfa1a41ff4ba00011c330b"
"8","6128a3db67305ef94021fcd7"
"9","561cdc083d7fe800050f591a"
"10","5953d37b3d663c00011d233c"
"11","5b1966a168a5ed0001735813"
"12","667428a9835845b07ddb4a02"
"13","5ea0002d88f78b1aa69ca675"
"14","65230ecce6b5748e6df764fa"
"15","613e495d5991ed54f860fe9d"
"16","63c3d40087c635e7f521b300"
"17","66b895a51b5ada3f6d25b63b"
"18","606f0dd12ca065ba074b0b66"
"19","5b0e9b491e55760001b99d7e"
"20","665da24fba4db6c93eeeaa2d"
"21","668e8a0cd1f4aa503154da46"
"22","66477973c4c0afec33a56d7f"
"23","5e3c29ac4c3831000c5bdb68"
"24","661fede137f50907fd6683be"
"25","5f5888a95619fa3e3b98b3af"
"26","60650e72f3359295eb889c0f"
"27","56752c4529c5470012d66d5f"
"28","5f672af943a2070262b8677f"
"29","62a0cfde037701be19a2772c"
"30","6071d225a6bc9a77e71d801a"
"31","636cc5fa559ec4d93e272972"
"32","6612a3d099bbffc5cc1eebff"
"33","5999eadd9039240001432409"
"34","669d6c27ab46582587c0f6ea"
"35","6666f308693e7e1ebe9189d2"
"36","62b6eb8e6a786c9a892573ec"
"37","5e903aadbf2af034503d9bac"
"38","615cb147f04efc8a8c2ff1e5"
"39","5f523ba3ef34a3089cba21e9"
"40","6648a891957434ad183ce6b4"
"41","6655eaccc1d8a40fca9da67e"
"42","66267714f2a8a00b74d7451b"
"43","629f470832dba055c9d39800"
"44","5d52e15363bdb100010883f1"
"45","63c5869714c648472e253347"
"46","5f4ac049c374f51158b481ba"
"47","643fea27139e462ddf18bf9d"
"48","5b22694763b71800019fa5ba"
"49","5815a5f000b325000184db51"
"50","65fb70d4e69155a62d58ac90"
"51","5da70040317ac50016e583b3"
"52","5d12348a0c85b50018c4f228"
"53","5f13fa31696881329aea2f14"
"54","6346921046fa377ce55acbc1"
"55","64839b36cfc47670f29b64fd"
"56","62e401e84f08db1b18fc5e5e"
"57","5ea9d8084fd4251207546151"
"58","65ca421d711c022ed0cd3fe3"
"59","5c845031d6a29e00162edf7d"
"60","667eb5226d9ea85ec3604000"
"61","5e95d76c8cfb0502e3db1f88"
"62","60d4497712b0332d4ccb9c48"
"63","5ced0da70afd6e0001a9f211"
"64","646d238ec077fb64c0294bd8"
"65","6685910d91114ade1b630bf3"
"66","58497529bd87380001552f71"
"67","6447a5b8aef9e6f3b243caad"
"68","5d9b4d9d6cb1870018ba1a27"
"69","665e1dba1f54be7a6016586b"
"70","66a356f556472a46c90f7f44"
"71","5de6dd2931229a667f11b2a4"
"72","5ae88efd9d82560001bdc598"
"73","5ff85878c73c7102572ca342"
"74","5ec705b09b469614f8418b27"
"75","6668542e737b871f55348e62"
"76","5f2afec0781f2848ac688140"
"77","66a62fe765bd7fa001bc98db"
"78","5f3139b4bae43925de65216a"
"79","601b137a1e2f3c47fb566272"
"80","597fc43e413c2300012916f1"
"81","6669b05d59ae83d98fbe06d4"
"82","5e99ce6024030003a5870d56"
"83","613f60f913bf05a31be74997"
"84","655796b1800b1fea9ae3d51f"
"85","5b9bb0fde43a4800019b52b5"
"86","5ca5fb084f3e9d0015440d1d"
"87","5ed814fc9e50c230c1efb63c"
"88","5ef25917d6109b0ac0348bef"
"89","5bcbf808f039b50001603a2f"
"90","5cfde288bab656000198b943"
"91","5ea02ae8b0f7a9000c5ca058"
"92","56abcb46f209e0000adab961"
"93","668aaf541e1c6db3449f0807"
"94","6326eb330841b43a680facba"
"95","66a92f689703d361dab70035"
"96","66956520111e880bec59cae5"
"97","6036f26208d15e92cafdb13b"
"98","6614fb6af3c5aa23b962ea2d"
"99","651ee539597b00f3fda39f82"
"100","6569f82449e22ecb5e526d3f"
"101","5e918309b3f91e4bb747a462"
"102","6695615cb0ae9b1d115a44e4"
"103","6658ba3c6039705479385b55"
"104","5ed901387d81a8081899eef4"
"105","57bdc056467f26000125db8e"
"106","6658ca11f45df15a18d4acad"
"107","6659ed61566ce6a7ff2d5989"
"108","62dba63c6e7bd6308f5a7a13"
"109","6658d82320f33b713aa25d21"
"110","5c982326e063e7001549921c"
"111","60d6e4277e58667c5ce46f7f"
"112","594ef8ef6d3780000120d4d9"
"113","577f91b84d107800016d9e69"
"114","601efb79aa55223eeec6b2a6"
"115","664f6568c9b11c6fd890b41c"
"116","62a0c9fa6e2704943e292fa7"
"117","6154463474d88dfc259ef4b8"
"118","6658de4fbe491c84ceb362ec"
"119","60ae648439ae911bc987c73f"
"120","575eab31862b0f0006cd7dec"
"121","5f74b3a0d780450b219f8616"
"122","665e1f12dbbf9d7d418516a6"
"123","5cfb77e325ffc100019a1299"
"124","63b31b2fe1146395db2d0fd7"
"125","59c2fa00e3a73b00011a8e34"
"126","66418354f482e5bab79375e2"
"127","611edf22772b0561875ad94a"
"128","5a0e9f5c9b760100013a7944"
"129","5e4feb8037713502e9ed364b"
"130","669ad78bb5cd9126ab098737"
"131","5d7e40b17edd0e0016f85e25"
"132","5e5f8c16394d082c15a4e93a"
"133","5863ab01ac950900013dd9dd"
"134","6653461e84d35b6d530f2f2c"
"135","656ddcfb0ff25d1e5858c9df"
"136","66168f9a0c73367c7846b15d"
"137","6656137507ae935669bd3ae5"
"138","62a19b99e3984f81d80bcf59"
"139","5d04e2c34195d4001fa98e0a"
"140","6676d8190c51c0bc25b32bdb"
"141","6658c862c0f839493f866a75"
"142","5eebeecc0a49c719bedc5925"
"143","63eb40d166f9bdd106b74cfc"
"144","667ef83c10c28de29bf16859"
"145","6365805113952480bdeed7b7"
"146","5eb8b877ca570781f91977f1"
"147","5fff43897e776c037b3dcf02"
"148","5be6ef463b047e0001a38a8a"
"149","5693df018d93fe000dfa5733"
"150","56a34e19dbe850000cfd4cf0"
"151","60535adfff835194160cd3bb"
"152","5de7ad0ca1a3fb7217ec3365"
"153","5c5898e49fcbc40001dcbc42"
"154","60cb7b886ca0e12860f54933"
"155","641b1f37ec0e993bd8d56cf2"
"156","5bfa91cf26e31d00010462ed"
"157","66b8b8f1b517ec172c9d4cfa"
"158","6642450644190b04afe7c716"
"159","6229f1c215b1b83f71da3b71"
"160","63ee9abfa262bea95766dd9c"
"161","59e9e46a1c947e00012b2621"
"162","5eac0b9a3617310432c834a1"
"163","5f21224ca1a41d48cd4fc726"
"164","5a69257731b87a0001c76293"
"165","5eb561131434b1053a77d85d"
"166","6698cfb31e11246cf126c1f4"
"167","5e28456cb66c4d016fd05e57"
"168","60fe95530ccb79107f63773e"
"169","63de5a3da0d14b3d32a134f8"
"170","5af605e833b0ee00011e9f87"
"171","5aa0f86a873cda00010d391d"
"172","5e19b24b2bf9512392d6dd90"
"173","6266bb8a00f77695fea1ecb0"
"174","616f4b5e0c700b9232798e68"
"175","5cb08b95600ba80012133399"
"176","562ac2d39e2b900010006c38"
"177","5c056b769ae12d0001fca19a"
"178","5ac14bb55cd1050001620f53"
"179","60bb9dd521d84c33662850ae"
"180","60eb7a4e37a7b08a26f2e8ef"
"181","6234905bd877b34677aaa521"
"182","5ea305678366db250adbaf7d"
"183","5de39f38a1a3fb39ee68f7ab"
"184","5eaaf5a813401e06eb256e9c"
"185","6658de3b36a39b239367b056"
"186","5b91494498530500014c1fcd"
"187","62c4590804317dc197ecbe8a"
"188","5b2e41eb1d2f710001fb32db"
"189","5ed2ad10a45ef20a9b1412eb"
"190","5acd0749a3ba7a0001b50834"
"191","62b6cb277460cccbc8f27ad5"
"192","583b75416736550001f7e1ef"
"193","60fd8e0d4e61a99a5cd5e713"
"194","5e9ec8f7e16784000beea696"
"195","5e1c6f19a411c946eb012481"
"196","665c6d5618baa7f9455039b3"
"197","5c345ebad4f77a0001a91ec0"
"198","6654a6531293e785bf1c9d10"
"199","627a7de3148a7925bb53fdcf"
"200","634687fd74eaaee879dd3ba1"
"201","5e9fd8c26fae5918240e617e"
"202","5e875515d1170a3acf6678b5"
"203","62e09943165d4dadd8b8f096"
"204","6671c2a565e37006f7ed0529"
"205","59ae75642d73c00001e5cc94"
"206","667828112267ea1290749463"
"207","622a2acebc012eadf07416ce"
"208","6658b9329633cb00b886d840"
"209","5cdebc5cc07328001a4bfd93"
"210","6037d104e198ad0af33a9439"
"211","6690497e8819d286f274e079"
"212","6642118a0b426e4d853bef52"
"213","665a412fbb922e2170765bf8"
"214","6662c3fbba2165e6212fffb2"
"215","64402288403028bd9abd98a7"
"216","5bfd7ddf7f7968000187f670"
"217","5cc738beccedf40015cad7b6"
"218","65b66ffb639dfa4053f0a1cf"
"219","645bc6fcd55cf9db562b97f8"
"220","5dacdf401e90f600132de0e6"
"221","610c0032948e1026ee7eb3e1"
"222","6012d4f3e68e2209e7e53679"
"223","5ed2717aec79fd1d3ca47d65"
"224","650b3c018723e34e469578a4"
"225","667c6c4d389d8bd57e2aa7ea"
"226","5b1f92bdc9d3cb0001107e75"
"227","5cb4b413a17c7300154f8b60"
"228","662fa08397a85f5da669d961"
"229","6581664bd74bbb952b06c79d"
"230","6660da11efe155c0dca28f5c"
"231","60fff225fb2da6129caf029a"
"232","5d53ddf96937fb000171d892"
"233","66abf1cc96acd4768094187e"
"234","59d1f0fffaf42e00012b6c20"
"235","654696643d59ab1463391adc"
"236","62e02596b92f410946e852c9"
"237","62e17900c4ff2316a7297ce6"
"238","65e4c3bb854b38d4312fed2f"
"239","6483fffe82f1f4400ac059b0"
"240","610aa7725c277c0ce7870f67"
"241","5f540fc665e3b6148c04f10e"
"242","5d128639c5b76100165f832a"
"243","582470f7e198b200012fc7e7"
"244","5a86b089aa46dd00016bb064"
"245","660c0eb8bb5bd903f5e7172e"
"246","6109ab5e542ae3f78f1d29dc"
"247","5b4dfe26116e9c00011e38c8"
"248","63f64240799feedb49f09c10"
"249","56eeb66a524cc0000a5fa4a2"
"250","5d0bde99db71b30001d3b348"
"251","63d7c49b6034452ab6c2a7e8"
"252","5dd9bd7bf85b50953fdf003c"
"253","63e68535d78fc9bb61c3c6b4"
"254","66912ce354d84162615be8ba"
"255","6235d96c087939dba5586d97"
"256","66b3888f7a5027640dae829b"
"257","65c25434906b791857f111d2"
"258","60871060fe94da97f5700c36"
"259","5ea38a4693216f1a0310f906"
"260","640105daa923d3f5f2669039"
"261","5e4bc0c29b9a2e01310c6506"
"262","66912a7e9800510e2a64db7c"
"263","5680452cc5767f00121cc81a"
"264","651bf10a5a3f15cef621a2e0"
"265","665adba1a7acb565414e9375"
"266","5d45521afdaaad00010ec185"
"267","63d4f8a279d8d49ddbd48936"
"268","6691886c1ab2bdf538b67fe0"
"269","5e4fee53478084033f395903"
"270","5ec27b1c7207c90574afa448"
"271","56c225fe0a25f1000ce56865"
"272","5ea15f2e173fb7000932a6ff"
"273","5a7622caf49c9a0001f2f7a8"
"274","5d8ceadadad82b0016bac50b"
"275","6321d7a8945a779e9d3a8018"
"276","5d70dd0b28805f001aaf9a94"
"277","6655caef7d223878aecbf281"
"278","6399d599c9d83e0ed0317ea2"
"279","59cfc4ff4f2d3d0001d8e01c"
"280","599186630675b100014daddd"
"281","65269d7fc5cc43e77f02d75d"
"282","6658d0e996aa5518f7414c46"
"283","5f1b05a8703c380d1393bb27"
"284","6655e364ffff4d877ac0d432"
"285","64137cf15dfe79e9ff198054"
"286","5a23e0f8391e270001a10195"
"287","5ca345b1506fca0016b358bb"
"288","5a6f3f01fab9ca000166cade"
"289","667a7c8f35c7222203819450"
"290","5d07ce4eb4fd5c001cee075c"
"291","5d50692435e3af0001f05a15"
"292","58bb48b71c81f300014468a3"
"293","6687f07a0514625284870bfb"
"294","5dbf1e36c97a8c3c0b008785"
"295","6682bfbc64d208c399213593"
"296","5d4889c6643eb80001fb3f5f"
"297","5ac499001667e40001d859f9"
"298","6400de311ff3b4a5f13f3506"
"299","666d924a6877d388448ac4b7"
"300","6611256f5cdc2614791df8d8"
